{"name[]":{"m9":"m9","m10":"m10","m8":"m8","m7":"m7","m5":"m5","m6":"m6","m2":"m2","m4":"m4","m3":"m3"},"type[]":{"m9":"nch","m10":"nch","m8":"nch","m7":"pch","m5":"pch","m6":"pch","m2":"nch","m4":"nch","m3":"nch"},"vgs[V]":{"m9":0.75,"m10":0.75,"m8":0.9,"m7":-0.9,"m5":-0.9,"m6":-0.9,"m2":0.75,"m4":0.9,"m3":0.9},"l[m]":{"m9":0.00000003,"m10":0.00000003,"m8":0.00000003,"m7":0.00000003,"m5":0.00000003,"m6":0.00000003,"m2":0.00000003,"m4":0.00000003,"m3":0.00000003},"w[m]":{"m9":0.0000086613,"m10":0.0000086613,"m8":0.0000034252,"m7":0.0000038067,"m5":0.0000076134,"m6":0.0000038067,"m2":0.0000043306,"m4":0.0000034252,"m3":0.0000034252},"rds[\u03a9]":{"m9":50.0,"m10":50.0,"m8":100.0,"m7":100.0,"m5":50.0,"m6":100.0,"m2":100.0,"m4":100.0,"m3":100.0},"cdb[F]":{"m9":0.0,"m10":0.0,"m8":0.0,"m7":0.0,"m5":0.0,"m6":0.0,"m2":0.0,"m4":0.0,"m3":0.0},"cdep[F]":{"m9":null,"m10":null,"m8":null,"m7":null,"m5":null,"m6":null,"m2":null,"m4":null,"m3":null},"cgb[F]":{"m9":null,"m10":null,"m8":null,"m7":null,"m5":null,"m6":null,"m2":null,"m4":null,"m3":null},"cgd[F]":{"m9":0.0,"m10":0.0,"m8":0.0,"m7":0.0,"m5":0.0,"m6":0.0,"m2":0.0,"m4":0.0,"m3":0.0},"cgg[F]":{"m9":null,"m10":null,"m8":null,"m7":null,"m5":null,"m6":null,"m2":null,"m4":null,"m3":null},"cgs[F]":{"m9":0.0,"m10":0.0,"m8":0.0,"m7":0.0,"m5":0.0,"m6":0.0,"m2":0.0,"m4":0.0,"m3":0.0},"csb[F]":{"m9":0.0,"m10":0.0,"m8":0.0,"m7":0.0,"m5":0.0,"m6":0.0,"m2":0.0,"m4":0.0,"m3":0.0},"cvar[F]":{"m9":null,"m10":null,"m8":null,"m7":null,"m5":null,"m6":null,"m2":null,"m4":null,"m3":null},"fosc[Hz]":{"m9":null,"m10":null,"m8":null,"m7":null,"m5":null,"m6":null,"m2":null,"m4":null,"m3":null},"ft[Hz]":{"m9":null,"m10":null,"m8":null,"m7":null,"m5":null,"m6":null,"m2":null,"m4":null,"m3":null},"gds[S]":{"m9":0.02,"m10":0.02,"m8":0.01,"m7":0.01,"m5":0.02,"m6":0.01,"m2":0.01,"m4":0.01,"m3":0.01},"gm[S]":{"m9":null,"m10":null,"m8":null,"m7":null,"m5":null,"m6":null,"m2":null,"m4":null,"m3":null},"gmbs[S]":{"m9":null,"m10":null,"m8":null,"m7":null,"m5":null,"m6":null,"m2":null,"m4":null,"m3":null},"gmoverid[V^-1]":{"m9":1.0,"m10":1.0,"m8":1.0,"m7":1.0,"m5":1.0,"m6":1.0,"m2":1.0,"m4":1.0,"m3":1.0},"id[A]":{"m9":0.0,"m10":0.0,"m8":0.0,"m7":0.0,"m5":0.0,"m6":0.0,"m2":0.0,"m4":0.0,"m3":0.0},"region[]":{"m9":null,"m10":null,"m8":null,"m7":null,"m5":null,"m6":null,"m2":null,"m4":null,"m3":null},"self_gain[VV^-01]":{"m9":null,"m10":null,"m8":null,"m7":null,"m5":null,"m6":null,"m2":null,"m4":null,"m3":null},"vbs[V]":{"m9":0.0,"m10":0.0,"m8":0.0,"m7":0.0,"m5":0.0,"m6":0.0,"m2":0.0,"m4":0.0,"m3":0.0},"vds[V]":{"m9":0.0,"m10":0.0,"m8":0.0,"m7":0.0,"m5":0.0,"m6":0.0,"m2":0.0,"m4":0.0,"m3":0.0},"vdsat[V]":{"m9":null,"m10":null,"m8":null,"m7":null,"m5":null,"m6":null,"m2":null,"m4":null,"m3":null},"vsb[V]":{"m9":0.0,"m10":0.0,"m8":0.0,"m7":0.0,"m5":0.0,"m6":0.0,"m2":0.0,"m4":0.0,"m3":0.0},"vsd[V]":{"m9":0.0,"m10":0.0,"m8":0.0,"m7":0.0,"m5":0.0,"m6":0.0,"m2":0.0,"m4":0.0,"m3":0.0},"vsg[V]":{"m9":-0.75,"m10":-0.75,"m8":-0.9,"m7":0.9,"m5":0.9,"m6":0.9,"m2":-0.75,"m4":-0.9,"m3":-0.9}}